id,user_id,item_id,action,timestamp
1,90,115,view,2025-07-30T23:46:38.904076
2,11,147,like,2025-07-22T23:46:38.904076
3,21,93,view,2025-07-27T23:46:38.904076
4,37,105,view,2025-08-08T23:46:38.904076
5,43,65,view,2025-07-25T23:46:38.904076
6,62,6,like,2025-07-29T23:46:38.904076
7,8,143,view,2025-07-18T23:46:38.904076
8,8,98,view,2025-07-17T23:46:38.904076
9,22,3,like,2025-08-02T23:46:38.904076
10,83,20,like,2025-07-27T23:46:38.904076
11,25,22,view,2025-08-01T23:46:38.904076
12,81,91,like,2025-08-13T23:46:38.904076
13,33,79,like,2025-07-21T23:46:38.904076
14,80,55,view,2025-07-20T23:46:38.904076
15,50,34,like,2025-07-21T23:46:38.904076
16,7,31,like,2025-07-24T23:46:38.904076
17,17,13,like,2025-07-22T23:46:38.904076
18,94,26,like,2025-08-01T23:46:38.904076
19,47,48,like,2025-07-21T23:46:38.904076
20,50,87,view,2025-08-03T23:46:38.904076
21,29,139,view,2025-07-21T23:46:38.904076
22,2,121,like,2025-08-01T23:46:38.904076
23,89,66,view,2025-08-13T23:46:38.904076
24,90,84,view,2025-08-09T23:46:38.904076
25,8,66,like,2025-07-22T23:46:38.904076
26,95,41,like,2025-08-02T23:46:38.904076
27,38,120,view,2025-08-04T23:46:38.904076
28,19,85,view,2025-07-17T23:46:38.904076
29,68,125,view,2025-07-16T23:46:38.904076
30,45,99,view,2025-08-05T23:46:38.904076
31,69,4,view,2025-08-06T23:46:38.904076
32,45,94,like,2025-08-08T23:46:38.904076
33,28,80,like,2025-07-28T23:46:38.904076
34,51,34,like,2025-07-31T23:46:38.904076
35,38,123,view,2025-07-31T23:46:38.904076
36,38,69,like,2025-07-15T23:46:38.904076
37,39,125,like,2025-08-07T23:46:38.904076
38,32,110,like,2025-08-04T23:46:38.904076
39,5,120,like,2025-08-09T23:46:38.904076
40,48,23,view,2025-07-18T23:46:38.904076
41,7,64,view,2025-08-03T23:46:38.904076
42,6,3,like,2025-08-04T23:46:38.904076
43,96,127,like,2025-07-15T23:46:38.904076
44,48,72,like,2025-07-16T23:46:38.904076
45,45,45,like,2025-07-29T23:46:38.904076
46,38,52,view,2025-07-23T23:46:38.904076
47,84,42,view,2025-08-05T23:46:38.904076
48,98,147,view,2025-07-22T23:46:38.904076
49,88,4,view,2025-07-31T23:46:38.904076
50,66,131,like,2025-08-01T23:46:38.904076
51,18,19,like,2025-08-02T23:46:38.904076
52,65,146,like,2025-08-03T23:46:38.904076
53,40,140,view,2025-08-06T23:46:38.904076
54,53,20,like,2025-07-28T23:46:38.904076
55,18,74,view,2025-08-13T23:46:38.904076
56,98,54,like,2025-07-20T23:46:38.904076
57,9,23,like,2025-07-18T23:46:38.904076
58,97,131,like,2025-08-05T23:46:38.904076
59,11,32,view,2025-07-20T23:46:38.904076
60,67,6,like,2025-07-28T23:46:38.904076
61,23,90,like,2025-07-28T23:46:38.904076
62,64,103,like,2025-07-25T23:46:38.904076
63,58,94,like,2025-08-03T23:46:38.904076
64,23,67,view,2025-07-19T23:46:38.904076
65,65,118,view,2025-07-20T23:46:38.904076
66,89,35,view,2025-07-16T23:46:38.904076
67,4,61,view,2025-08-03T23:46:38.904076
68,76,39,like,2025-07-17T23:46:38.904076
69,30,142,view,2025-07-21T23:46:38.904076
70,44,72,view,2025-08-08T23:46:38.904076
71,88,78,like,2025-08-11T23:46:38.904076
72,96,146,view,2025-07-30T23:46:38.904076
73,65,149,view,2025-07-19T23:46:38.904076
74,62,35,view,2025-07-25T23:46:38.904076
75,54,60,view,2025-07-30T23:46:38.904076
76,62,30,view,2025-08-06T23:46:38.904076
77,33,48,like,2025-07-30T23:46:38.904076
78,1,112,like,2025-08-11T23:46:38.904076
79,95,42,view,2025-07-18T23:46:38.904076
80,40,126,like,2025-07-26T23:46:38.904076
81,49,66,view,2025-07-20T23:46:38.904076
82,40,125,like,2025-08-05T23:46:38.904076
83,23,65,view,2025-07-23T23:46:38.904076
84,70,2,like,2025-08-11T23:46:38.904076
85,48,17,like,2025-07-24T23:46:38.904076
86,23,95,like,2025-08-05T23:46:38.904076
87,9,99,view,2025-07-23T23:46:38.904076
88,5,29,view,2025-08-08T23:46:38.904076
89,39,99,like,2025-07-22T23:46:38.904076
90,92,31,like,2025-07-17T23:46:38.904076
91,29,142,view,2025-07-22T23:46:38.904076
92,65,73,like,2025-08-06T23:46:38.904076
93,3,141,view,2025-07-23T23:46:38.904076
94,37,71,view,2025-07-19T23:46:38.904076
95,94,21,like,2025-08-06T23:46:38.904076
96,50,55,like,2025-07-25T23:46:38.904076
97,54,25,like,2025-07-21T23:46:38.904076
98,28,70,like,2025-07-15T23:46:38.904076
99,23,66,like,2025-08-10T23:46:38.904076
100,51,3,view,2025-07-20T23:46:38.904076
101,34,106,like,2025-07-17T23:46:38.904076
102,7,31,view,2025-08-10T23:46:38.904076
103,98,85,view,2025-07-20T23:46:38.904076
104,59,18,view,2025-07-15T23:46:38.904076
105,43,122,view,2025-08-03T23:46:38.904076
106,91,73,like,2025-07-25T23:46:38.904076
107,11,48,like,2025-08-05T23:46:38.904076
108,38,90,view,2025-07-24T23:46:38.904076
109,20,27,view,2025-08-04T23:46:38.904076
110,3,98,view,2025-07-21T23:46:38.904076
111,4,139,view,2025-07-21T23:46:38.904076
112,39,10,view,2025-07-24T23:46:38.904076
113,14,52,like,2025-07-30T23:46:38.904076
114,10,103,view,2025-07-30T23:46:38.904076
115,29,117,like,2025-07-31T23:46:38.904076
116,79,45,view,2025-08-09T23:46:38.904076
117,34,2,like,2025-08-12T23:46:38.904076
118,45,109,view,2025-07-20T23:46:38.904076
119,56,134,view,2025-07-22T23:46:38.904076
120,16,41,view,2025-07-24T23:46:38.904076
121,93,113,like,2025-07-18T23:46:38.904076
122,42,32,view,2025-07-18T23:46:38.904076
123,28,145,view,2025-08-09T23:46:38.904076
124,14,140,view,2025-08-01T23:46:38.904076
125,25,62,view,2025-07-23T23:46:38.904076
126,30,18,view,2025-08-05T23:46:38.904076
127,57,94,like,2025-07-27T23:46:38.904076
128,7,9,like,2025-08-03T23:46:38.904076
129,26,126,view,2025-07-31T23:46:38.904076
130,44,109,view,2025-08-08T23:46:38.904076
131,59,100,like,2025-08-03T23:46:38.904076
132,74,31,view,2025-08-08T23:46:38.904076
133,36,128,view,2025-07-15T23:46:38.904076
134,72,134,like,2025-07-31T23:46:38.904076
135,13,104,view,2025-08-04T23:46:38.904076
136,25,120,view,2025-08-08T23:46:38.904076
137,3,37,like,2025-08-07T23:46:38.904076
138,5,67,view,2025-08-09T23:46:38.904076
139,82,11,view,2025-07-17T23:46:38.904076
140,56,31,like,2025-08-06T23:46:38.904076
141,27,99,view,2025-07-20T23:46:38.904076
142,23,2,view,2025-07-21T23:46:38.904076
143,67,138,view,2025-08-12T23:46:38.904076
144,84,103,like,2025-08-10T23:46:38.904076
145,70,110,view,2025-08-02T23:46:38.904076
146,11,38,like,2025-08-09T23:46:38.904076
147,63,91,like,2025-08-11T23:46:38.904076
148,73,33,view,2025-07-29T23:46:38.904076
149,78,55,view,2025-07-31T23:46:38.904076
150,94,81,like,2025-07-23T23:46:38.904076
151,17,24,view,2025-08-07T23:46:38.904076
152,44,28,view,2025-07-15T23:46:38.904076
153,26,101,view,2025-07-24T23:46:38.904076
154,47,35,like,2025-08-09T23:46:38.904076
155,4,96,view,2025-07-29T23:46:38.904076
156,12,88,like,2025-07-25T23:46:38.904076
157,37,92,like,2025-07-29T23:46:38.904076
158,15,80,like,2025-08-13T23:46:38.904076
159,43,18,view,2025-08-13T23:46:38.904076
160,90,13,like,2025-07-21T23:46:38.904076
161,81,36,view,2025-07-17T23:46:38.904076
162,87,85,view,2025-08-02T23:46:38.904076
163,88,7,like,2025-07-29T23:46:38.904076
164,45,76,like,2025-07-26T23:46:38.904076
165,42,97,view,2025-07-17T23:46:38.904076
166,35,122,view,2025-08-06T23:46:38.904076
167,24,18,like,2025-08-10T23:46:38.904076
168,57,66,view,2025-08-05T23:46:38.904076
169,75,50,like,2025-08-02T23:46:38.904076
170,73,112,like,2025-07-22T23:46:38.904076
171,35,127,like,2025-08-12T23:46:38.904076
172,15,32,like,2025-07-24T23:46:38.904076
173,86,80,view,2025-07-18T23:46:38.904076
174,22,29,like,2025-08-03T23:46:38.904076
175,79,96,view,2025-07-15T23:46:38.904076
176,78,36,like,2025-07-17T23:46:38.904076
177,4,92,like,2025-08-01T23:46:38.904076
178,94,27,view,2025-07-27T23:46:38.904076
179,2,65,view,2025-07-21T23:46:38.904076
180,31,49,like,2025-07-27T23:46:38.904076
181,42,65,like,2025-07-15T23:46:38.904076
182,71,2,view,2025-07-24T23:46:38.904076
183,48,69,like,2025-07-18T23:46:38.904076
184,22,108,view,2025-08-01T23:46:38.904076
185,87,75,view,2025-08-12T23:46:38.904076
186,23,149,view,2025-08-01T23:46:38.904076
187,8,21,like,2025-07-20T23:46:38.904076
188,70,86,view,2025-08-12T23:46:38.904076
189,94,134,like,2025-08-03T23:46:38.904076
190,38,37,view,2025-08-02T23:46:38.904076
191,75,21,like,2025-08-12T23:46:38.904076
192,68,57,like,2025-07-29T23:46:38.904076
193,15,136,like,2025-08-03T23:46:38.904076
194,13,74,like,2025-08-06T23:46:38.904076
195,9,17,view,2025-07-18T23:46:38.904076
196,41,26,view,2025-07-22T23:46:38.904076
197,87,105,like,2025-07-22T23:46:38.904076
198,47,81,view,2025-07-22T23:46:38.904076
199,76,7,like,2025-08-03T23:46:38.904076
200,71,134,like,2025-08-05T23:46:38.904076
201,15,56,view,2025-07-25T23:46:38.904076
202,74,95,like,2025-08-02T23:46:38.904076
203,91,105,view,2025-08-10T23:46:38.904076
204,62,91,like,2025-08-13T23:46:38.904076
205,68,95,view,2025-08-10T23:46:38.904076
206,31,76,like,2025-07-29T23:46:38.904076
207,20,27,like,2025-08-06T23:46:38.904076
208,68,97,view,2025-07-28T23:46:38.904076
209,23,10,view,2025-07-24T23:46:38.904076
210,68,4,view,2025-07-20T23:46:38.905065
211,35,84,view,2025-07-23T23:46:38.905065
212,11,107,like,2025-08-08T23:46:38.905065
213,25,42,like,2025-07-31T23:46:38.905065
214,9,127,view,2025-07-31T23:46:38.905065
215,88,60,view,2025-08-05T23:46:38.905065
216,8,69,view,2025-07-18T23:46:38.905065
217,3,87,view,2025-08-04T23:46:38.905065
218,34,70,like,2025-07-20T23:46:38.905065
219,89,117,like,2025-08-06T23:46:38.905065
220,78,86,like,2025-07-31T23:46:38.905065
221,38,75,view,2025-07-31T23:46:38.905065
222,28,148,like,2025-08-11T23:46:38.905065
223,67,96,like,2025-08-05T23:46:38.905065
224,28,69,view,2025-07-31T23:46:38.905065
225,71,130,view,2025-07-27T23:46:38.905065
226,27,148,view,2025-07-27T23:46:38.905065
227,93,145,like,2025-07-20T23:46:38.905065
228,30,143,view,2025-08-05T23:46:38.905065
229,87,22,like,2025-07-26T23:46:38.905065
230,55,24,like,2025-07-19T23:46:38.905065
231,45,91,view,2025-07-22T23:46:38.905065
232,43,147,view,2025-07-25T23:46:38.905065
233,67,80,like,2025-07-20T23:46:38.905065
234,64,122,view,2025-08-04T23:46:38.905065
235,55,112,like,2025-07-21T23:46:38.905065
236,16,25,view,2025-07-19T23:46:38.905065
237,40,112,view,2025-07-18T23:46:38.905065
238,44,122,view,2025-07-16T23:46:38.905065
239,56,55,view,2025-08-07T23:46:38.905065
240,89,138,view,2025-07-21T23:46:38.905065
241,95,15,view,2025-08-02T23:46:38.905065
242,43,50,view,2025-08-06T23:46:38.905065
243,30,97,view,2025-08-05T23:46:38.905065
244,84,110,like,2025-07-19T23:46:38.905065
245,37,74,like,2025-07-16T23:46:38.905065
246,56,32,like,2025-07-20T23:46:38.905065
247,10,103,like,2025-08-13T23:46:38.905065
248,90,33,view,2025-07-15T23:46:38.905065
249,42,102,like,2025-07-21T23:46:38.905065
250,24,12,view,2025-07-27T23:46:38.905065
251,4,123,view,2025-07-25T23:46:38.905065
252,35,69,like,2025-08-03T23:46:38.905065
253,93,36,like,2025-07-30T23:46:38.905065
254,77,58,view,2025-07-20T23:46:38.905065
255,55,44,view,2025-08-09T23:46:38.905065
256,79,120,view,2025-07-24T23:46:38.905065
257,32,35,view,2025-07-18T23:46:38.905065
258,44,128,view,2025-08-11T23:46:38.905065
259,15,61,view,2025-07-24T23:46:38.905065
260,58,16,like,2025-07-26T23:46:38.905065
261,45,85,like,2025-07-24T23:46:38.905065
262,68,115,like,2025-08-09T23:46:38.905065
263,30,96,like,2025-08-08T23:46:38.905065
264,17,47,like,2025-07-28T23:46:38.905065
265,85,118,view,2025-07-15T23:46:38.905065
266,77,14,view,2025-07-27T23:46:38.905065
267,49,83,like,2025-07-21T23:46:38.905065
268,16,70,like,2025-08-07T23:46:38.905065
269,74,55,like,2025-07-29T23:46:38.905065
270,23,125,view,2025-08-11T23:46:38.905065
271,1,29,view,2025-08-06T23:46:38.905065
272,87,42,like,2025-07-26T23:46:38.905065
273,21,75,like,2025-08-01T23:46:38.905065
274,91,11,like,2025-08-13T23:46:38.905065
275,63,94,like,2025-07-15T23:46:38.905065
276,63,25,view,2025-08-13T23:46:38.905065
277,71,141,like,2025-07-24T23:46:38.905065
278,15,79,like,2025-08-12T23:46:38.905065
279,91,89,like,2025-08-09T23:46:38.905065
280,9,141,view,2025-07-15T23:46:38.905065
281,66,140,like,2025-08-01T23:46:38.905065
282,84,48,view,2025-08-06T23:46:38.905065
283,63,137,view,2025-08-02T23:46:38.905065
284,1,93,like,2025-07-30T23:46:38.905065
285,71,62,like,2025-08-07T23:46:38.905065
286,28,75,like,2025-08-04T23:46:38.905065
287,61,58,view,2025-08-10T23:46:38.905065
288,9,48,like,2025-08-01T23:46:38.905065
289,15,73,like,2025-08-04T23:46:38.905065
290,86,145,view,2025-08-11T23:46:38.905065
291,100,90,like,2025-07-16T23:46:38.905065
292,26,149,view,2025-07-22T23:46:38.905065
293,67,102,view,2025-08-02T23:46:38.905065
294,57,99,view,2025-08-12T23:46:38.905065
295,90,97,like,2025-07-16T23:46:38.905065
296,45,10,like,2025-08-03T23:46:38.905065
297,17,1,like,2025-07-28T23:46:38.905065
298,75,104,view,2025-08-09T23:46:38.905065
299,14,144,like,2025-07-23T23:46:38.905065
300,27,52,like,2025-07-29T23:46:38.905065
301,81,83,view,2025-07-26T23:46:38.905065
302,45,117,like,2025-08-03T23:46:38.905065
303,73,147,view,2025-07-26T23:46:38.905065
304,65,142,like,2025-07-17T23:46:38.905065
305,85,54,like,2025-07-30T23:46:38.905065
306,88,25,view,2025-08-12T23:46:38.905065
307,39,116,like,2025-08-04T23:46:38.905065
308,89,95,view,2025-07-25T23:46:38.905065
309,46,58,view,2025-07-29T23:46:38.905065
310,94,77,like,2025-07-25T23:46:38.905065
311,89,122,like,2025-07-15T23:46:38.905065
312,40,24,like,2025-08-10T23:46:38.905065
313,91,67,like,2025-07-31T23:46:38.905065
314,69,100,view,2025-07-28T23:46:38.905065
315,13,83,like,2025-08-13T23:46:38.905065
316,46,64,like,2025-08-12T23:46:38.905065
317,29,13,like,2025-07-17T23:46:38.905065
318,29,55,like,2025-08-06T23:46:38.905065
319,72,47,view,2025-07-25T23:46:38.905065
320,76,1,view,2025-08-04T23:46:38.905065
321,24,97,like,2025-07-15T23:46:38.905065
322,57,99,view,2025-08-02T23:46:38.905065
323,10,17,like,2025-08-01T23:46:38.905065
324,69,103,like,2025-07-15T23:46:38.905065
325,87,2,like,2025-08-04T23:46:38.905065
326,80,92,view,2025-07-24T23:46:38.905065
327,33,114,view,2025-08-09T23:46:38.905065
328,52,143,view,2025-07-24T23:46:38.905065
329,75,77,like,2025-08-13T23:46:38.905065
330,32,1,view,2025-07-18T23:46:38.905065
331,21,142,like,2025-07-15T23:46:38.905065
332,9,70,like,2025-07-18T23:46:38.905065
333,6,119,view,2025-07-27T23:46:38.905065
334,90,97,view,2025-07-27T23:46:38.905065
335,14,149,view,2025-08-07T23:46:38.905065
336,61,126,like,2025-07-19T23:46:38.905065
337,13,24,view,2025-08-01T23:46:38.905065
338,17,79,like,2025-08-12T23:46:38.905065
339,95,115,view,2025-08-06T23:46:38.905065
340,90,72,like,2025-07-31T23:46:38.905065
341,61,85,like,2025-08-07T23:46:38.905065
342,28,27,view,2025-08-06T23:46:38.905065
343,77,86,like,2025-08-11T23:46:38.905065
344,32,93,like,2025-08-13T23:46:38.905065
345,24,5,view,2025-07-19T23:46:38.905065
346,6,88,view,2025-07-18T23:46:38.905065
347,30,9,view,2025-08-09T23:46:38.905065
348,93,116,like,2025-07-23T23:46:38.905065
349,55,70,like,2025-07-27T23:46:38.905065
350,54,82,like,2025-07-17T23:46:38.905065
351,19,131,like,2025-07-16T23:46:38.905065
352,20,32,view,2025-07-18T23:46:38.905065
353,98,129,like,2025-08-09T23:46:38.905065
354,46,110,view,2025-07-27T23:46:38.905065
355,13,101,view,2025-07-31T23:46:38.905065
356,19,69,view,2025-07-16T23:46:38.905065
357,72,23,like,2025-07-15T23:46:38.905065
358,24,93,view,2025-07-25T23:46:38.905065
359,32,28,view,2025-08-10T23:46:38.905065
360,31,42,view,2025-08-13T23:46:38.905065
361,90,22,view,2025-07-19T23:46:38.905065
362,72,60,view,2025-07-20T23:46:38.905065
363,45,27,like,2025-07-16T23:46:38.905065
364,20,147,like,2025-07-19T23:46:38.905065
365,46,130,view,2025-08-13T23:46:38.905065
366,59,52,view,2025-07-16T23:46:38.905065
367,50,64,view,2025-07-23T23:46:38.905065
368,95,63,like,2025-07-18T23:46:38.905065
369,11,79,like,2025-07-30T23:46:38.905065
370,94,115,like,2025-08-07T23:46:38.905065
371,20,111,like,2025-08-12T23:46:38.905065
372,92,30,like,2025-07-30T23:46:38.905065
373,9,45,view,2025-07-15T23:46:38.905065
374,31,85,like,2025-08-06T23:46:38.905065
375,84,134,like,2025-07-15T23:46:38.905065
376,64,38,view,2025-07-28T23:46:38.905065
377,77,112,view,2025-08-05T23:46:38.905065
378,14,98,view,2025-08-04T23:46:38.905065
379,54,122,like,2025-08-02T23:46:38.905065
380,83,10,view,2025-07-18T23:46:38.905065
381,79,138,view,2025-08-07T23:46:38.905065
382,23,52,view,2025-07-16T23:46:38.905065
383,8,64,like,2025-08-07T23:46:38.905065
384,86,28,view,2025-07-18T23:46:38.905065
385,58,114,view,2025-07-20T23:46:38.905065
386,90,132,view,2025-07-16T23:46:38.905065
387,9,113,view,2025-07-28T23:46:38.905065
388,34,72,view,2025-07-22T23:46:38.905065
389,75,110,view,2025-07-22T23:46:38.905065
390,65,94,like,2025-07-28T23:46:38.905065
391,45,113,view,2025-08-06T23:46:38.905065
392,34,68,like,2025-07-25T23:46:38.905065
393,51,17,like,2025-08-03T23:46:38.905065
394,73,33,view,2025-07-30T23:46:38.905065
395,52,51,like,2025-07-30T23:46:38.905065
396,62,116,view,2025-07-15T23:46:38.905065
397,75,8,view,2025-07-29T23:46:38.905065
398,70,53,view,2025-08-09T23:46:38.905065
399,61,4,like,2025-07-30T23:46:38.905065
400,21,69,like,2025-07-19T23:46:38.905065
401,56,49,view,2025-07-27T23:46:38.905065
402,74,140,view,2025-07-16T23:46:38.905065
403,7,82,view,2025-07-17T23:46:38.905065
404,57,93,like,2025-07-16T23:46:38.905065
405,97,55,like,2025-08-10T23:46:38.905065
406,26,99,view,2025-07-22T23:46:38.905065
407,83,57,view,2025-07-30T23:46:38.905065
408,12,65,like,2025-08-09T23:46:38.905065
409,29,32,view,2025-07-19T23:46:38.905065
410,51,121,like,2025-07-27T23:46:38.905065
411,85,63,view,2025-08-10T23:46:38.905065
412,14,141,like,2025-08-05T23:46:38.905065
413,36,147,like,2025-07-17T23:46:38.905065
414,72,113,like,2025-07-29T23:46:38.905065
415,83,142,view,2025-08-09T23:46:38.905065
416,63,102,like,2025-08-01T23:46:38.905065
417,51,29,like,2025-07-23T23:46:38.905065
418,49,6,like,2025-08-03T23:46:38.905065
419,27,70,view,2025-07-29T23:46:38.905065
420,6,25,view,2025-07-15T23:46:38.905065
421,5,89,view,2025-07-19T23:46:38.905065
422,81,105,like,2025-07-28T23:46:38.905065
423,32,71,like,2025-08-01T23:46:38.905065
424,31,72,view,2025-08-04T23:46:38.905065
425,55,18,like,2025-07-20T23:46:38.905065
426,28,79,view,2025-08-04T23:46:38.905065
427,88,61,like,2025-08-13T23:46:38.905065
428,58,150,like,2025-08-08T23:46:38.905065
429,95,131,view,2025-08-06T23:46:38.905065
430,83,69,like,2025-07-23T23:46:38.905065
431,19,111,like,2025-07-17T23:46:38.905065
432,34,56,like,2025-08-11T23:46:38.905065
433,85,67,like,2025-07-15T23:46:38.905065
434,85,2,like,2025-07-17T23:46:38.905065
435,83,17,view,2025-08-12T23:46:38.905065
436,23,56,view,2025-07-17T23:46:38.905065
437,11,92,view,2025-07-25T23:46:38.905065
438,79,125,view,2025-07-17T23:46:38.905065
439,43,129,view,2025-08-02T23:46:38.905065
440,73,53,like,2025-08-02T23:46:38.905065
441,57,15,like,2025-08-13T23:46:38.905065
442,99,142,like,2025-07-23T23:46:38.905065
443,93,72,like,2025-07-28T23:46:38.905065
444,73,33,like,2025-07-29T23:46:38.905065
445,26,11,view,2025-07-28T23:46:38.905065
446,62,35,view,2025-08-09T23:46:38.905065
447,6,140,view,2025-08-09T23:46:38.905065
448,61,23,like,2025-07-28T23:46:38.905065
449,13,97,like,2025-07-29T23:46:38.905065
450,2,76,view,2025-07-23T23:46:38.905065
451,51,139,like,2025-07-15T23:46:38.905065
452,67,103,like,2025-07-31T23:46:38.905065
453,3,9,like,2025-08-13T23:46:38.905065
454,95,22,like,2025-07-30T23:46:38.905065
455,61,102,view,2025-07-27T23:46:38.905065
456,21,18,like,2025-07-24T23:46:38.905065
457,27,132,view,2025-07-16T23:46:38.905065
458,33,71,like,2025-08-11T23:46:38.905065
459,40,44,like,2025-08-04T23:46:38.905065
460,4,144,like,2025-08-12T23:46:38.905065
461,18,131,like,2025-07-17T23:46:38.905065
462,41,72,like,2025-07-23T23:46:38.905065
463,16,92,view,2025-08-08T23:46:38.905065
464,85,149,like,2025-08-05T23:46:38.905065
465,76,134,view,2025-08-13T23:46:38.905065
466,77,100,view,2025-07-19T23:46:38.905065
467,71,107,like,2025-07-25T23:46:38.905065
468,93,147,view,2025-08-06T23:46:38.905065
469,70,114,like,2025-08-10T23:46:38.905065
470,88,68,view,2025-07-26T23:46:38.905065
471,28,45,view,2025-07-19T23:46:38.905065
472,15,116,like,2025-08-11T23:46:38.905065
473,66,46,like,2025-07-18T23:46:38.905065
474,21,37,view,2025-07-15T23:46:38.905065
475,72,143,view,2025-07-28T23:46:38.905065
476,17,30,like,2025-07-16T23:46:38.905065
477,53,67,view,2025-07-15T23:46:38.905065
478,62,4,like,2025-07-31T23:46:38.905065
479,61,11,view,2025-08-08T23:46:38.905065
480,95,82,view,2025-07-19T23:46:38.905065
481,21,116,view,2025-07-19T23:46:38.905065
482,78,52,like,2025-08-06T23:46:38.905065
483,53,70,view,2025-07-27T23:46:38.905065
484,21,47,like,2025-07-31T23:46:38.905065
485,29,129,view,2025-07-29T23:46:38.905065
486,76,32,view,2025-07-31T23:46:38.905065
487,42,92,like,2025-07-19T23:46:38.905065
488,84,17,like,2025-08-03T23:46:38.905065
489,22,80,like,2025-08-11T23:46:38.905065
490,61,92,like,2025-07-27T23:46:38.905065
491,59,141,view,2025-07-26T23:46:38.905065
492,19,51,view,2025-08-02T23:46:38.905065
493,29,45,like,2025-08-06T23:46:38.905065
494,96,63,like,2025-07-21T23:46:38.905065
495,11,60,like,2025-08-06T23:46:38.905065
496,72,18,view,2025-08-06T23:46:38.905065
497,45,117,view,2025-07-27T23:46:38.905065
498,60,112,view,2025-07-24T23:46:38.905065
499,91,13,like,2025-07-21T23:46:38.905065
500,73,19,like,2025-08-11T23:46:38.905065
